ORD;Nº Processo;Unidade Gestora;Conveniado;CNPJ da entidade;Status do Termo de Colaboração;Data da celebração ;Início do aditamento;Fim do aditamento;Qntd. alunos D.I;Qntd. Alunos T.E.A;Total de alunos (D.I+T.E.A); Valor total
1;1213122/18;080261 - DIR.ENS.REGIAO CENTRO;AUMA-ASSOCIAÇÃO DOS AMIGOS DA CRIANÇA AUTISTA;38.893.038/0001-03;Em Andamento;16/01/2019;01/01/2020;31/12/2020;0;53;53;R$ 716.295,00
2;1794588/18;080261 - DIR.ENS.REGIAO CENTRO;ASSOC. BRAS. DE ASSIST. E DESENV.SOCIAL-ABADS;60.805.975/0001-19;Em Andamento;01/01/2016;01/01/2020;31/12/2020;53;125;178;R$ 1.937.994,29
3;04107/16;080262 - DIR.ENS.REGIAO CENTRO OESTE;A.A.C.D. - A.A. A CRIANÇA DEFICIENTE;60.979.457/0001-11;Em Andamento;30/12/2016;01/01/2020;31/12/2020;89;0;89;R$ 417.492,77
4;2909/16;080263 - DIR.ENS.REGIAO CENTRO SUL;AHIMSA ASSOCIACAO EDUCACIONAL P/MULTIPLA DEFI;65.513.806/0001-29;Em Andamento;01/01/2016;01/01/2020;31/12/2020;39;3;42;R$ 223.491,27
5;2911/16;080263 - DIR.ENS.REGIAO CENTRO SUL;AMA - ASSOC. DE AMIGOS DO AUTISTA;52.802.295/0001-13;Em Andamento;01/01/2016;01/01/2020;31/12/2020;0;193;193;R$ 2.608.395,00
6;03454/16;080264 - DIR.ENS.REGIAO LESTE 1;ASSOC.CASA DOS DEFICIENTES DE ERMEL.MATARAZZO;61.058.475/0001-23;Em Andamento;01/01/2016;01/01/2020;31/12/2020;66;0;66;R$ 309.601,38
7;2444/2016;080268 - DIR.ENS.REGIAO LESTE 5;LAR MAE DO DIVINO AMOR;54.321.773/0001-07;Em Andamento;01/01/2016;01/01/2020;31/12/2020;24;69;93;R$ 1.045.117,32
8;2133278/18;080270 - DIR.ENS.REGIAO NORTE 2;CENTRO EDUCACIONAL SAGRADO CORAÇÃO - CESC;92.873.413/0009-56;Em Andamento;10/01/2019;01/01/2020;31/12/2020;0;59;59;R$ 797.385,00
9;01689/16A;080274 - DIR.ENS.REG.CAIEIRAS;APAE DE CAIEIRAS;51.451.094/0001-56;Em Andamento;01/01/2016;01/01/2020;31/12/2020;50;14;64;R$ 423.756,50
10;01690/16A;080274 - DIR.ENS.REG.CAIEIRAS;APAE DE CAJAMAR;52.351.814/0001-74;Em Andamento;01/01/2016;01/01/2020;31/12/2020;74;0;74;R$ 347.128,82
11;01691/16A;080274 - DIR.ENS.REG.CAIEIRAS;APAE DE FRANCISCO MORATO;50.529.726/0001-94;Em Andamento;01/01/2016;01/01/2020;31/12/2020;44;0;44;R$ 206.400,92
12;01692/16A;080274 - DIR.ENS.REG.CAIEIRAS;APAE DE MAIRIPORA;51.258.333/0001-56;Em Andamento;01/01/2016;01/01/2020;31/12/2020;77;0;77;R$ 361.201,61
13;02465/16;080275 - DIR.ENS.REG.CARAPICUIBA;APAE DE COTIA;56.343.015/0001-07;Em Andamento;01/01/2016;01/01/2020;31/12/2020;48;13;61;R$ 400.859,64
14;01679/16;080276 - DIR.ENS.REG.DIADEMA;APAE DE DIADEMA;51.119.584/0001-50;Em Andamento;01/01/2016;01/01/2020;31/12/2020;203;7;210;R$ 1.046.863,79
15;02701/16 A;080278 - DIR.ENS.REG.GUARULHOS NORTE;APAE DE GUARULHOS;51.372.217/0001-63;Em Andamento;01/01/2016;01/01/2020;31/12/2020;144;0;144;R$ 675.493,92
16;01536/16 N;080280 - DIR.ENS.REG.ITAPEVI;ASSOC.PAIS E AMIGOS DOS EXCEP.;51.442.622/0001-00;Em Andamento;01/01/2016;01/01/2020;31/12/2020;100;12;112;R$ 631.273,00
17;01973/16;080281 - DIR.ENS.REG.ITAQUAQUECETUBA;APAE DE ITAQUAQUECETUBA;01.252.605/0001-32;Em Andamento;01/01/2016;01/01/2020;31/12/2020;39;8;47;R$ 291.066,27
18;01974/16;080281 - DIR.ENS.REG.ITAQUAQUECETUBA;APAE DE POA;59.643.262/0001-17;Em Andamento;01/01/2016;01/01/2020;31/12/2020;42;15;57;R$ 399.744,06
19;03170/16;080282 - DIR.ENS.REG.MAUA;APAE DE MAUA;57.612.756/0001-09;Em Andamento;01/01/2016;01/01/2020;31/12/2020;161;0;161;R$ 755.239,73
20;03171/16;080282 - DIR.ENS.REG.MAUA;APRAESPI-ASSOCIAÇÃO DE PREVENÇÃO ATENDIMENTO;57.621.377/0001-85;Em Andamento;01/01/2016;01/01/2020;31/12/2020;223;135;358;R$ 2.870.602,39
21;03172/16;080282 - DIR.ENS.REG.MAUA;APAE DE RIO GRANDE DA SERRA;50.169.515/0001-98;Em Andamento;01/01/2016;01/01/2020;31/12/2020;44;36;80;R$ 692.940,92
22;01886/16;080283 - DIR.ENS.REG.MOGI DAS CRUZES;APAE DE MOGI DAS CRUZES;52.581.444/0001-61;Em Andamento;01/01/2016;01/01/2020;31/12/2020;280;28;308;R$ 1.691.880,40
23;02708/16A;080285 - DIR.ENS.REG.SANTO ANDRE;ASS.PAIS E AMIGOS EXCEPCIONAIS DE SANTO ANDRÉ;57.599.847/0001-51;Em Andamento;29/12/2017;01/01/2020;31/12/2020;164;0;164;R$ 769.312,52
24;00136/18;080286 - DIR.ENS.REG. SAO BERNARDO DO CAMPO;AMAS DE S. CAETANO DO SUL;48.569.263/0001-42;Em Andamento;01/01/2016;01/01/2020;31/12/2020;5;20;25;R$ 293.754,65
25;00137/18;080286 - DIR.ENS.REG. SAO BERNARDO DO CAMPO;APAE DE SAO CAETANO DO SUL;44.390.474/0001-62;Em Andamento;01/01/2016;01/01/2020;31/12/2020;132;0;132;R$ 619.202,76
26;01828/16;080287 - DIR.ENS.REG.DE SUZANO;ASSOC.PAIS E AMIGOS DOS EXCEP.APAE-FERRAZ VAS;07.029.546/0001-14;Em Andamento;01/01/2016;01/01/2020;31/12/2020;19;16;35;R$ 305.367,67
27;00960/16;080289 - DIR.ENS.REG.ADAMANTINA;APAE DE ADAMANTINA;44.920.478/0001-05;Em Andamento;30/12/2016;01/01/2020;31/12/2020;36;19;55;R$ 425.658,48
28;00961/16;080289 - DIR.ENS.REG.ADAMANTINA;APAE DE TUPI PAULISTA;46.462.628/0001-00;Em Andamento;30/12/2016;01/01/2020;31/12/2020;24;5;29;R$ 180.157,32
29;00962/16;080289 - DIR.ENS.REG.ADAMANTINA;APAE DE OSVALDO CRUZ;53.311.965/0001-61;Em Andamento;30/12/2016;01/01/2020;31/12/2020;45;9;54;R$ 332.726,85
30;00963/16;080289 - DIR.ENS.REG.ADAMANTINA;APAE DE PANORAMA;57.319.675/0001-15;Em Andamento;30/12/2016;01/01/2020;31/12/2020;24;0;24;R$ 112.582,32
31;00964/16;080289 - DIR.ENS.REG.ADAMANTINA;APAE DE LUCELIA;46.466.728/0001-04;Em Andamento;30/12/2016;01/01/2020;31/12/2020;23;0;23;R$ 107.891,39
32;00965/16;080289 - DIR.ENS.REG.ADAMANTINA;APAE DE DRACENA;46.471.728/0001-00;Em Andamento;30/12/2016;01/01/2020;31/12/2020;47;10;57;R$ 355.623,71
33;01240/16;080290 - DIR.ENS.REG.AMERICANA;APAE DE STA BARBARA DO OESTE;56.729.502/0001-02;Em Andamento;01/01/2016;01/01/2020;31/12/2020;238;59;297;R$ 1.913.826,34
34;01241/16;080290 - DIR.ENS.REG.AMERICANA;APAE DE AMERICANA;43.262.708/0001-23;Em Andamento;01/01/2016;01/01/2020;31/12/2020;119;22;141;R$ 855.550,67
35;01242/16;080290 - DIR.ENS.REG.AMERICANA;APAE DE NOVA ODESSA;51.413.631/0001-73;Em Andamento;01/01/2016;01/01/2020;31/12/2020;54;34;88;R$ 712.820,22
36;00072/16;080291 - DIR.ENS.REG.ANDRADINA;APAE DE PEREIRA BARRETO;49.579.972/0001-71;Em Andamento;01/01/2016;01/01/2020;31/12/2020;69;0;69;R$ 323.674,17
37;00768/16;080291 - DIR.ENS.REG.ANDRADINA;APAE DE ANDRADINA;45.663.093/0001-72;Em Andamento;30/12/2016;01/01/2020;31/12/2020;164;3;167;R$ 809.857,52
38;00769/16;080291 - DIR.ENS.REG.ANDRADINA;APAE DE SUD MENNUCCI;01.745.602/0001-30;Em Andamento;01/01/2016;01/01/2020;31/12/2020;2;0;2;R$ 9.381,86
39;00770/16;080291 - DIR.ENS.REG.ANDRADINA;APAE DE MIRANDOPOLIS;44.440.964/0001-26;Em Andamento;01/01/2016;01/01/2020;31/12/2020;57;5;62;R$ 334.958,01
40;00771/16;080291 - DIR.ENS.REG.ANDRADINA;APAE DE ILHA SOLTEIRA;44.446.268/0001-27;Em Andamento;01/01/2016;01/01/2020;31/12/2020;34;0;34;R$ 159.491,62
41;1923558/18;080292 - DIR.ENS.REG. DE APIAI;APAE DE GUAPIARA;01.905.760/0001-00;Em Andamento;30/12/2016;01/01/2020;31/12/2020;33;0;33;R$ 154.800,69
42;1127/16;080293 - DIR.ENS.REG.ARACATUBA;APAE DE ARACATUBA;44.416.436/0001-31;Em Andamento;01/01/2016;01/01/2020;31/12/2020;187;30;217;R$ 1.282.653,91
43;1128/16;080293 - DIR.ENS.REG.ARACATUBA;CRIE DE GUARARAPES;51.096.063/0001-24;Em Andamento;01/01/2016;01/01/2020;31/12/2020;41;4;45;R$ 246.388,13
44;1129/16;080293 - DIR.ENS.REG.ARACATUBA;APAE DE VALPARAISO;51.105.856/0001-62;Em Andamento;01/01/2016;01/01/2020;31/12/2020;39;2;41;R$ 209.976,27
45;01862/16;080294 - DIR.ENS.REG.ARARAQUARA;APAE DE MATAO;45.341.245/0001-10;Em Andamento;01/01/2016;01/01/2020;31/12/2020;104;19;123;744.641,72
46;01863/16;080294 - DIR.ENS.REG.ARARAQUARA;APAE DE ARARAQUARA;43.976.844/0001-85;Em Andamento;01/01/2016;01/01/2020;31/12/2020;100;36;136;R$ 955.633,00
47;01864/16;080294 - DIR.ENS.REG.ARARAQUARA;APAE DE RINCAO;50.732.460/0001-82;Em Andamento;01/01/2016;01/01/2020;31/12/2020;18;0;18;R$ 84.436,74
48;04962A/16;080295 - DIR.ENS.REG.ASSIS;APAE DE ASSIS;44.373.991/0001-23;Em Andamento;01/01/2016;01/01/2020;31/12/2020;25;9;34;R$ 238.908,25
49;04963A/16;080295 - DIR.ENS.REG.ASSIS;APAE DE CANDIDO MOTA;64.613.789/0001-39;Em Andamento;01/01/2016;01/01/2020;31/12/2020;34;0;34;R$ 159.491,62
50;04964A/16;080295 - DIR.ENS.REG.ASSIS;APAE DE PALMITAL;49.893.795/0001-01;Em Andamento;01/01/2016;01/01/2020;31/12/2020;31;0;31;R$ 145.418,82
51;04965A/16;080295 - DIR.ENS.REG.ASSIS;APAE DE PARAGUACU PAULISTA;47.581.491/0001-75;Em Andamento;01/01/2016;01/01/2020;31/12/2020;40;0;40;R$ 187.637,20
52;00833/16;080296 - DIR.ENS.REG.BARRETOS;APAE DE COLINA;52.382.264/0001-50;Em Andamento;01/01/2016;01/01/2020;31/12/2020;36;0;36;R$ 168.873,48
53;00834/16;080296 - DIR.ENS.REG.BARRETOS;APAE DE BARRETOS;45.283.009/0001-95;Em Andamento;01/01/2016;01/01/2020;31/12/2020;114;0;114;R$ 534.766,02
54;00835/16;080296 - DIR.ENS.REG.BARRETOS;APAE DE GUARACI;04.565.144/0001-46;Em Andamento;01/01/2016;01/01/2020;31/12/2020;36;0;36;R$ 168.873,48
55;00836/16;080296 - DIR.ENS.REG.BARRETOS;APAE DE OLIMPIA;49.014.525/0001-75;Em Andamento;01/01/2016;01/01/2020;31/12/2020;52;0;52;R$ 243.928,36
56;00837/16;080296 - DIR.ENS.REG.BARRETOS;APAE DE GUAIRA;48.448.526/0001-65;Em Andamento;01/01/2016;01/01/2020;31/12/2020;50;0;50;R$ 234.546,50
57;01827/16  A;080297 - DIR.ENS.REG.BAURU;APAE DE AREALVA;01.607.788/0001-61;Em Andamento;01/01/2016;01/01/2020;31/12/2020;11;0;11;R$ 51.600,23
58;01828/16  A;080297 - DIR.ENS.REG.BAURU;APAE DE BAURU;45.032.745/0001-70;Em Andamento;01/01/2016;01/01/2020;31/12/2020;148;78;226;R$ 1.748.427,64
59;01829/16  A;080297 - DIR.ENS.REG.BAURU;APAE DE DUARTINA;48.372.627/0001-08;Em Andamento;01/01/2016;01/01/2020;31/12/2020;19;0;19;R$ 89.127,67
60;01830/16  A;080297 - DIR.ENS.REG.BAURU;APAE DE IACANGA;46.149.043/0001-34;Em Andamento;01/01/2016;01/01/2020;31/12/2020;36;0;36;R$ 168.873,48
61;01831/16  A;080297 - DIR.ENS.REG.BAURU;APAE DE LENCOIS PAULISTA;44.526.812/0001-40;Em Andamento;01/01/2016;01/01/2020;31/12/2020;58;0;58;R$ 272.073,94
62;01832/16  A;080297 - DIR.ENS.REG.BAURU;APAE DE PIRAJUI;47.579.651/0001-41;Em Andamento;01/01/2016;01/01/2020;31/12/2020;7;0;7;R$ 32.836,51
63;00519/16;080298 - DIR.ENS.REG.BIRIGUI;APAE DE BIRIGUI;45.386.000/0001-00;Em Andamento;01/01/2016;01/01/2020;31/12/2020;116;0;116;R$ 544.147,88
64;00824/16;080299 - DIR.ENS.REG.BOTUCATU;APAE DE BOFETE;02.762.435/0001-07;Em Andamento;01/01/2016;01/01/2020;31/12/2020;20;0;20;R$ 93.818,60
65;00825/16;080299 - DIR.ENS.REG.BOTUCATU;APAE DE SAO MANOEL;45.838.265/0001-00;Em Andamento;01/01/2016;01/01/2020;31/12/2020;25;4;29;R$ 171.333,25
66;00826/16;080299 - DIR.ENS.REG.BOTUCATU;APAE DE CESARIO LANGE;03.066.872/0001-40;Em Andamento;01/01/2016;01/01/2020;31/12/2020;35;3;38;R$ 204.727,55
67;00827/16;080299 - DIR.ENS.REG.BOTUCATU;APAE DE BOTUCATU;43.615.129/0001-17;Em Andamento;01/01/2016;01/01/2020;31/12/2020;111;38;149;R$ 1.034.263,23
68;00828/16;080299 - DIR.ENS.REG.BOTUCATU;APAE DE LARANJAL PAULISTA;67.363.358/0001-50;Em Andamento;01/01/2016;01/01/2020;31/12/2020;38;12;50;R$ 340.435,34
69;00829/16;080299 - DIR.ENS.REG.BOTUCATU;APAE DE AREIOPOLIS;02.609.654/0001-42;Em Andamento;01/01/2016;01/01/2020;31/12/2020;22;4;26;R$ 157.260,46
70;01312/16;080300 - DIR.ENS.REG.BRAGANCA PAULISTA;APAE DE SOCORRO;49.593.825/0001-56;Em Andamento;01/01/2016;01/01/2020;31/12/2020;44;0;44;R$ 206.400,92
71;01313/16;080300 - DIR.ENS.REG.BRAGANCA PAULISTA;APAE DE PIRACAIA;52.357.712/0001-66;Em Andamento;01/01/2016;01/01/2020;31/12/2020;61;0;61;R$ 286.146,73
72;01314/16;080300 - DIR.ENS.REG.BRAGANCA PAULISTA;APAE DE MORUNGABA;03.692.526/0001-78;Em Andamento;01/01/2016;01/01/2020;31/12/2020;26;0;26;R$ 121.964,18
73;01315/16;080300 - DIR.ENS.REG.BRAGANCA PAULISTA;APAE DE BRAGANCA PAULISTA;45.624.988/0001-06;Em Andamento;01/01/2016;01/01/2020;31/12/2020;48;1;49;R$ 238.679,64
74;01509A/16;080301 - DIR.ENS.REG.CAMPINAS LESTE;ASSOCIACAO PESTALOZZI DE CAMPINAS;51.297.349/0001-78;Em Andamento;01/01/2016;01/01/2020;31/12/2020;79;37;116;R$ 870.638,47
75;01511A/16;080301 - DIR.ENS.REG.CAMPINAS LESTE;A.P.A.E. DE JAGUARIUNA;58.383.944/0001-75;Em Andamento;30/12/2016;01/01/2020;31/12/2020;40;0;40;R$ 187.637,20
76;01512A/16;080301 - DIR.ENS.REG.CAMPINAS LESTE;APAE DE CAMPINAS;46.079.281/0001-10;Em Andamento;30/12/2016;01/01/2020;31/12/2020;180;0;180;R$ 844.367,40
77;001717/16;080302 - DIR.ENS.REG.CAMPINAS OESTE;APAE DE VALINHOS;44.635.290/0001-15;Em Andamento;19/12/2018;01/01/2020;31/12/2020;59;0;59;R$ 276.764,87
78;00817/2016;080303 - DIR.ENS.REG.CAPIVARI;APAE DE INDAIATUBA;48.175.871/0001-72;Em Andamento;01/01/2016;01/01/2020;31/12/2020;54;0;54;R$ 253.310,22
79;00819/2016;080303 - DIR.ENS.REG.CAPIVARI;APAE DE CAPIVARI;50.062.561/0001-93;Em Andamento;01/01/2016;01/01/2020;31/12/2020;31;0;31;R$ 145.418,82
80;00910/16;080304 - DIR.ENS.REG.CARAGUATATUBA;ASSOC./PAIS_E AMIGOS DOS EXCEPC/UBATUBA;65.511.156/0001-82;Em Andamento;01/01/2016;01/01/2020;31/12/2020;56;9;65;R$ 384.327,08
81;00911/16;080304 - DIR.ENS.REG.CARAGUATATUBA;APAE DE CARAGUATATUBA;48.672.323/0001-58;Em Andamento;01/01/2016;01/01/2020;31/12/2020;53;12;65;R$ 410.799,29
82;00913/16;080304 - DIR.ENS.REG.CARAGUATATUBA;APAE DE SÃO SEBASTIÃO;55.556.120/0001-61;Em Andamento;01/01/2016;01/01/2020;31/12/2020;55;7;62;R$ 352.606,15
83;00583/16;080305 - DIR.ENS.REG.CATANDUVA;APAE DE CATANDUVA;47.079.827/0001-04;Em Andamento;30/12/2016;01/01/2020;31/12/2020;142;40;182;R$ 1.206.712,06
84;00584/16;080305 - DIR.ENS.REG.CATANDUVA;APAE DE NOVO HORIZONTE;51.347.516/0001-48;Em Andamento;30/12/2016;01/01/2020;31/12/2020;48;22;70;R$ 522.494,64
85;00815/16;080306 - DIR.ENS.REG.FERNANDOPOLIS;APAE DE FERNANDOPOLIS;45.113.248/0001-05;Em Andamento;01/01/2016;01/01/2020;31/12/2020;84;0;84;R$ 394.038,12
86;00816/16;080306 - DIR.ENS.REG.FERNANDOPOLIS;APAE DE GENERAL SALGADO;55.754.535/0001-40;Em Andamento;01/01/2016;01/01/2020;31/12/2020;26;0;26;R$ 121.964,18
87;00817/16;080306 - DIR.ENS.REG.FERNANDOPOLIS;APAE DE INDIAPORA;51.838.803/0001-50;Em Andamento;01/01/2016;01/01/2020;31/12/2020;17;0;17;R$ 79.745,81
88;00818/16;080306 - DIR.ENS.REG.FERNANDOPOLIS;APAE DE ESTRELA D OESTE;59.855.080/0001-00;Em Andamento;01/01/2016;01/01/2020;31/12/2020;14;0;14;R$ 65.673,02
89;01732/16;080307 - DIR.ENS.REG.FRANCA;APAE DE FRANCA;45.316.338/0001-95;Em Andamento;01/01/2016;01/01/2020;31/12/2020;147;34;181;R$ 1.149.076,71
90;01733/16;080307 - DIR.ENS.REG.FRANCA;APAE DE PATROCINIO PAULISTA;52.386.372/0001-00;Em Andamento;01/01/2016;01/01/2020;31/12/2020;42;0;42;R$ 197.019,06
91;06766/16A;080308 - DIR.ENS.REG.GUARATINGUETA;APAE DE CUNHA;47.552.708/0001-19;Em Andamento;01/01/2016;01/01/2020;31/12/2020;39;0;39;R$ 182.946,27
92;06767/16A;080308 - DIR.ENS.REG.GUARATINGUETA;APAE DE CRUZEIRO;45.198.504/0001-04;Em Andamento;01/01/2016;01/01/2020;31/12/2020;81;14;95;R$ 569.175,32
93;06768/16A;080308 - DIR.ENS.REG.GUARATINGUETA;APAE DE LORENA;51.785.590/0001-46;Em Andamento;01/01/2016;01/01/2020;31/12/2020;103;0;103;R$ 483.165,79
94;06769/16;080308 - DIR.ENS.REG.GUARATINGUETA;APAE DE APARECIDA;48.398.614/0001-08;Em Andamento;30/12/2016;01/01/2020;31/12/2020;98;0;98;R$ 459.711,14
95;06770/16A;080308 - DIR.ENS.REG.GUARATINGUETA;APAE DE CACHOEIRA PAULISTA;48.276.786/0001-09;Em Andamento;01/01/2016;01/01/2020;31/12/2020;45;0;45;R$ 211.091,85
96;06771/16A;080308 - DIR.ENS.REG.GUARATINGUETA;APAE DE ROSEIRA;60.130.200/0001-90;Em Andamento;01/01/2016;01/01/2020;31/12/2020;25;0;25;R$ 117.273,25
97;06772/16A;080308 - DIR.ENS.REG.GUARATINGUETA;APAE DE GUARATINGUETA;48.553.564/0001-88;Em Andamento;01/01/2016;01/01/2020;31/12/2020;118;24;142;R$ 877.889,74
98;01164/16;080309 - DIR.ENS.REG. DE ITAPETININGA;APAE DE PARANAPANEMA;71.565.964/0001-25;Em Andamento;01/01/2016;01/01/2020;31/12/2020;37;0;37;R$ 173.564,41
99;01165/16;080309 - DIR.ENS.REG. DE ITAPETININGA;APAE DE GUAREI;00.817.697/0001-98;Em Andamento;01/01/2016;01/01/2020;31/12/2020;21;0;21;R$ 98.509,53
100;01166/16;080309 - DIR.ENS.REG. DE ITAPETININGA;APAE DE SAO MIGUEL DO ARCANJO;50.787.688/0001-70;Em Andamento;01/01/2016;01/01/2020;31/12/2020;48;0;48;R$ 225.164,64
101;01167/16;080309 - DIR.ENS.REG. DE ITAPETININGA;APAE DE ITAPETININGA;45.445.095/0001-95;Em Andamento;01/01/2016;01/01/2020;31/12/2020;107;0;107;R$ 501.929,51
102;01168/16;080309 - DIR.ENS.REG. DE ITAPETININGA;APAE DE TATUI;47.818.182/0001-76;Em Andamento;01/01/2016;01/01/2020;31/12/2020;132;30;162;R$ 1.024.652,76
103;01169/16;080309 - DIR.ENS.REG. DE ITAPETININGA;APAE DE ANGATUBA;54.331.103/0001-63;Em Andamento;01/01/2016;01/01/2020;31/12/2020;64;0;64;R$ 300.219,52
104;00654/16;080310 - DIR.ENS.REG. DE ITAPEVA;A.P.A.E. DE BURI;01.409.123/0001-43;Em Andamento;01/01/2016;01/01/2020;31/12/2020;31;0;31;R$ 145.418,82
105;00655/16;080310 - DIR.ENS.REG. DE ITAPEVA;APAE DE CAPAO BONITO;50.784.495/0001-65;Em Andamento;01/01/2016;01/01/2020;31/12/2020;57;6;63;R$ 348.473,01
106;00656/16;080310 - DIR.ENS.REG. DE ITAPEVA;APAE DE ITAPEVA;45.909.132/0001-79;Em Andamento;01/01/2016;01/01/2020;31/12/2020;69;21;90;R$ 607.489,17
107;00562/16;080311 - DIR.ENS.REG. DE ITARARE;APAE DE ITARARE;50.343.177/0001-69;Em Andamento;01/01/2016;01/01/2020;31/12/2020;67;0;67;R$ 314.292,31
108;00563/16;080311 - DIR.ENS.REG. DE ITARARE;APAE DE ITAPORANGA;60.123.866/0001-11;Em Andamento;01/01/2016;01/01/2020;31/12/2020;33;0;33;R$ 154.800,69
109;00564/16;080311 - DIR.ENS.REG. DE ITARARE;APAE DE RIVERSUL;58.978.974/0001-24;Em Andamento;01/01/2016;01/01/2020;31/12/2020;17;0;17;R$ 79.745,81
110;00565/16;080311 - DIR.ENS.REG. DE ITARARE;A.P.A.E. DE ITABERA;60.124.039/0001-42;Em Andamento;01/01/2016;01/01/2020;31/12/2020;36;0;36;R$ 168.873,48
111;01461/16;080312 - DIR.ENS.REG. DE ITU;APAE DE ITU;50.234.509/0001-77;Em Andamento;01/01/2016;01/01/2020;31/12/2020;99;0;99;R$ 464.402,07
112;01462/16;080312 - DIR.ENS.REG. DE ITU;APAE DE PORTO FELIZ;55.149.348/0001-37;Em Andamento;01/01/2016;01/01/2020;31/12/2020;48;16;64;R$ 441.404,64
113;01463/16;080312 - DIR.ENS.REG. DE ITU;APAE DE SALTO;56.651.003/0001-40;Em Andamento;01/01/2016;01/01/2020;31/12/2020;90;0;90;R$ 422.183,70
114;01464/16;080312 - DIR.ENS.REG. DE ITU;APAE DE BOITUVA;50.819.234/0001-33;Em Andamento;01/01/2016;01/01/2020;31/12/2020;45;0;45;R$ 211.091,85
115;00868/16;080313 - DIR.ENS.REG.JABOTICABAL;APAE DE BEBEDOURO;45.306.008/0001-19;Em Andamento;01/01/2016;01/01/2020;31/12/2020;55;2;57;R$ 285.031,15
116;00869/16;080313 - DIR.ENS.REG.JABOTICABAL;APAE DE TAIAÇU;02.329.836/0001-60;Em Andamento;01/01/2016;01/01/2020;31/12/2020;19;0;19;R$ 89.127,67
117;00870/16;080313 - DIR.ENS.REG.JABOTICABAL;APAE DE MONTE AZUL PAULISTA;50.408.756/0001-42;Em Andamento;01/01/2016;01/01/2020;31/12/2020;20;0;20;R$ 93.818,60
118;00871/16;080313 - DIR.ENS.REG.JABOTICABAL;APAE DE JABOTICABAL;45.337.185/0001-62;Em Andamento;01/01/2016;01/01/2020;31/12/2020;73;11;84;R$ 491.102,89
119;00872/16;080313 - DIR.ENS.REG.JABOTICABAL;APAE DE MONTE ALTO;00.525.856/0001-80;Em Andamento;01/01/2016;01/01/2020;31/12/2020;35;7;42;R$ 258.787,55
120;00873/16;080313 - DIR.ENS.REG.JABOTICABAL;ASSOCIAÇAO DO BEM COMUM AO DOWN;02.188.408/0001-64;Em Andamento;01/01/2016;01/01/2020;31/12/2020;5;0;5;R$ 23.454,65
121;01861/16;080314 - DIR.ENS.REG.JACAREI;APAE DE ARUJA;58.488.073/0001-54;Em Andamento;01/01/2016;01/01/2020;31/12/2020;81;0;81;R$ 379.965,33
122;01862/16;080314 - DIR.ENS.REG.JACAREI;JACAREI AMPARA MENORES;45.214.137/0001-87;Em Andamento;01/01/2016;01/01/2020;31/12/2020;61;0;61;R$ 286.146,73
123;01863/16;080314 - DIR.ENS.REG.JACAREI;ASSOC CRIANCA ESPECIAL DE PAIS COMPANHEIROS;53.324.190/0001-69;Em Andamento;01/01/2016;01/01/2020;31/12/2020;24;0;24;R$ 112.582,32
124;00843/16;080315 - DIR.ENS.REG.JALES;APAE DE AURIFLAMA;49.965.742/0001-40;Em Andamento;01/01/2016;01/01/2020;31/12/2020;12;0;12;R$ 56.291,16
125;00844/16;080315 - DIR.ENS.REG.JALES;APAE DE JALES;45.125.150/0001-60;Em Andamento;01/01/2016;01/01/2020;31/12/2020;64;0;64;R$ 300.219,52
126;00845/16;080315 - DIR.ENS.REG.JALES;APAE DE PALMEIRA D OESTE;02.903.323/0001-10;Em Andamento;01/01/2016;01/01/2020;31/12/2020;11;0;11;R$ 51.600,23
127;00846/16;080315 - DIR.ENS.REG.JALES;APAE DE SANTA FE DO SUL;45.137.296/0001-25;Em Andamento;01/01/2016;01/01/2020;31/12/2020;30;0;30;R$ 140.727,90
128;00847/16;080315 - DIR.ENS.REG.JALES;APAE DE SUZANAPOLIS;07.770.706/0001-81;Em Andamento;01/01/2016;01/01/2020;31/12/2020;5;0;5;R$ 23.454,65
129;0901720/18;080316 - DIR.ENS.REG.JAU;APAE DE BROTAS;51.526.911/0001-98;Em Andamento;01/01/2016;01/01/2020;31/12/2020;43;0;43;R$ 201.709,99
130;900960/18;080316 - DIR.ENS.REG.JAU;APAE DE BARIRI;46.181.244/0001-19;Em Andamento;01/01/2016;01/01/2020;31/12/2020;44;0;44;R$ 206.400,92
131;901112/18;080316 - DIR.ENS.REG.JAU;CASA CRIANCAS ANDORINHAS DE BARRA BONITA;44.745.909/0001-44;Em Andamento;01/01/2016;01/01/2020;31/12/2020;34;0;34;R$ 159.491,62
132;901484/18;080316 - DIR.ENS.REG.JAU;APAE DE BOCAINA;01.978.047/0001-97;Em Andamento;01/01/2016;01/01/2020;31/12/2020;33;0;33;R$ 154.800,69
133;901901/18;080316 - DIR.ENS.REG.JAU;APAE DE DOIS CORREGOS;49.114.192/0001-56;Em Andamento;01/01/2016;01/01/2020;31/12/2020;46;0;46;R$ 215.782,78
134;902061/18;080316 - DIR.ENS.REG.JAU;APAE DE IGARACU DO TIETE;47.582.184/0001-09;Em Andamento;01/01/2016;01/01/2020;31/12/2020;27;0;27;R$ 126.655,11
135;902203/18;080316 - DIR.ENS.REG.JAU;APAE DE ITAPUI;60.004.041/0001-88;Em Andamento;01/01/2016;01/01/2020;31/12/2020;37;0;37;R$ 173.564,41
136;902379/18;080316 - DIR.ENS.REG.JAU;ASSOC. DE PAIS  AMIGOS E EDUC.DE AUTISTAS;05.524.456/0001-74;Em Andamento;01/01/2016;01/01/2020;31/12/2020;0;81;81;R$ 1.094.715,00
137;902683/18;080316 - DIR.ENS.REG.JAU;APAE DE JAU;50.756.329/0001-55;Em Andamento;01/01/2016;01/01/2020;31/12/2020;62;19;81;R$ 547.622,66
138;902818/18;080316 - DIR.ENS.REG.JAU;APAE DE MACATUBA;49.892.425/0001-41;Em Andamento;01/01/2016;01/01/2020;31/12/2020;13;0;13;R$ 60.982,09
139;903045/18;080316 - DIR.ENS.REG.JAU;APAE DE PEDRNEIRAS;47.583.752/0001-96;Em Andamento;01/01/2016;01/01/2020;31/12/2020;83;0;83;R$ 389.347,19
140;903465/18;080316 - DIR.ENS.REG.JAU;APAE DE TORRINHA;47.744.198/0001-81;Em Andamento;01/01/2016;01/01/2020;31/12/2020;30;0;30;R$ 140.727,90
141;00904/16;080317 - DIR.ENS.REG.JOSE BONIFACIO;APAE DE MIRASSOL;48.314.132/0001-14;Em Andamento;01/01/2016;01/01/2020;31/12/2020;95;0;95;R$ 445.638,35
142;00905/16;080317 - DIR.ENS.REG.JOSE BONIFACIO;APAE DE POLONI;45.686.094/0001-32;Em Andamento;01/01/2016;01/01/2020;31/12/2020;24;0;24;R$ 112.582,32
143;00906/16;080317 - DIR.ENS.REG.JOSE BONIFACIO;APAE DE MONTE APRAZIVEL;52.879.848/0001-36;Em Andamento;01/01/2016;01/01/2020;31/12/2020;74;0;74;R$ 347.128,82
144;00907/16;080317 - DIR.ENS.REG.JOSE BONIFACIO;APAE DE TANABI;51.853.745/0001-34;Em Andamento;01/01/2016;01/01/2020;31/12/2020;43;0;43;R$ 201.709,99
145;00908/16;080317 - DIR.ENS.REG.JOSE BONIFACIO;APAE DE JOSE BONIFACIO;51.840.999/0001-18;Em Andamento;01/01/2016;01/01/2020;31/12/2020;84;0;84;R$ 394.038,12
146;1391/2016;080318 - DIR.ENS.REG.JUNDIAI;APAE DE CAMPO LIMPO PAULISTA;51.281.137/0001-00;Em Andamento;01/01/2016;01/01/2020;31/12/2020;47;22;69;R$ 517.803,71
147;1392/2016;080318 - DIR.ENS.REG.JUNDIAI;APAE DE ITATIBA;50.125.418/0001-01;Em Andamento;01/01/2016;01/01/2020;31/12/2020;85;12;97;R$ 560.909,05
148;1393/2016;080318 - DIR.ENS.REG.JUNDIAI;APAE DE ITUPEVA;58.386.087/0001-67;Em Andamento;01/01/2016;01/01/2020;31/12/2020;66;15;81;R$ 512.326,38
149;1394/2016;080318 - DIR.ENS.REG.JUNDIAI;APAE DE JARINU;07.468.675/0001-09;Em Andamento;01/01/2016;01/01/2020;31/12/2020;35;0;35;R$ 164.182,54
150;1395/2016;080318 - DIR.ENS.REG.JUNDIAI;APAE DE JUNDIAI;50.956.440/0001-95;Em Andamento;01/01/2016;01/01/2020;31/12/2020;66;33;99;R$ 755.596,38
151;1396/16;080318 - DIR.ENS.REG.JUNDIAI;APAE DE VARZEA PAULISTA;54.132.840/0001-37;Em Andamento;01/01/2016;01/01/2020;31/12/2020;172;121;293;R$ 2.442.154,96
152;2149986/18;080319 - DIR.ENS.REG.LIMEIRA;APAE DE LIMEIRA;44.759.074/0001-81;Em Andamento;01/01/2016;01/01/2020;31/12/2020;98;4;102;R$ 513.771,14
153;2150086/18;080319 - DIR.ENS.REG.LIMEIRA;ASSOSC.DE REAB. INFANTIL LIMEIRA;51.472.447/0001-02;Em Andamento;01/01/2016;01/01/2020;31/12/2020;44;0;44;R$ 206.400,92
154;2150725/18;080319 - DIR.ENS.REG.LIMEIRA;APAE DE ARTHUR NOGUEIRA;54.698.972/0001-20;Em Andamento;31/12/2016;01/01/2020;31/12/2020;51;8;59;R$ 347.357,43
155;2151778/18;080319 - DIR.ENS.REG.LIMEIRA;APAE DE ENGENHEIRO COELHO;03.299.124/0001-08;Em Andamento;01/01/2016;01/01/2020;31/12/2020;29;0;29;R$ 136.036,97
156;2152449/18;080319 - DIR.ENS.REG.LIMEIRA;APAE DE COSMOPOLIS;54.127.931/0001-84;Em Andamento;31/12/2016;01/01/2020;31/12/2020;35;5;40;R$ 231.757,55
157;2152844/18;080319 - DIR.ENS.REG.LIMEIRA;APAE DE CORDEIROPOLIS;47.769.005/0001-47;Em Andamento;31/12/2016;01/01/2020;31/12/2020;39;0;39;R$ 182.946,27
158;2153264/18;080319 - DIR.ENS.REG.LIMEIRA;APAE DE RIO CLARO;44.665.016/0001-99;Em Andamento;31/12/2016;01/01/2020;31/12/2020;102;18;120;R$ 721.744,86
159;00820/16;080320 - DIR.ENS.REG.LIN;APAE DE LINS;44.530.533/0001-50;Em Andamento;01/01/2016;01/01/2020;31/12/2020;74;0;74;R$ 347.128,82
160;00821/16;080320 - DIR.ENS.REG.LIN;APAE/SABINO;09.609.597/0001-40;Em Andamento;01/01/2016;01/01/2020;31/12/2020;5;0;5;R$ 23.454,65
161;00822/16;080320 - DIR.ENS.REG.LIN;APAE DE PROMISSAO;49.859.838/0001-24;Em Andamento;01/01/2016;01/01/2020;31/12/2020;43;0;43;R$ 201.709,99
162;01432/16A;080321 - DIR.ENS.REG.MARILIA;APAE DE MARILIA;52.061.264/0001-59;Em Andamento;30/12/2016;01/01/2020;31/12/2020;100;0;100;R$ 469.093,00
163;01433/16A;080321 - DIR.ENS.REG.MARILIA;APAE DE POMPEIA;59.989.582/0001-23;Em Andamento;30/12/2016;01/01/2020;31/12/2020;52;0;52;R$ 243.928,36
164;01434/16A;080321 - DIR.ENS.REG.MARILIA;APAE JULIO MESQUITA ASSOC. PAIS E AMIGOS DOS;06.004.954/0001-59;Em Andamento;30/12/2016;01/01/2020;31/12/2020;11;0;11;R$ 51.600,23
165;01435/16;080321 - DIR.ENS.REG.MARILIA;APAE DE GARCA;48.211.841/0001-74;Em Andamento;30/12/2016;01/01/2020;31/12/2020;30;0;30;R$ 140.727,90
166;2123050-18;080321 - DIR.ENS.REG.MARILIA;ESPAÇO POTENCIAL MARÍLIA;11.911.681/0001-66;Em Andamento;10/01/2019;01/01/2020;31/12/2020;0;22;22;R$ 297.330,00
167;00668/16;080322 - DIR.ENS.REG.MIRACATU;APAE DE MIRACATU;57.740.359/0001-12;Em Andamento;01/01/2016;01/01/2020;31/12/2020;42;0;42;R$ 197.019,06
168;00670/16;080322 - DIR.ENS.REG.MIRACATU;APAE DE IGUAPE;55.675.433/0001-39;Em Andamento;01/01/2016;01/01/2020;31/12/2020;46;0;46;R$ 215.782,78
169;00671/16;080322 - DIR.ENS.REG.MIRACATU;APAE DE PEDRO DE TOLEDO;02.764.001/0001-38;Em Andamento;01/01/2016;01/01/2020;31/12/2020;26;0;26;R$ 121.964,18
170;00672/16;080322 - DIR.ENS.REG.MIRACATU;APAE DE JUQUIA;57.740.912/0001-17;Em Andamento;01/01/2016;01/01/2020;31/12/2020;30;0;30;R$ 140.727,90
171;00673/16;080322 - DIR.ENS.REG.MIRACATU;APAE DE ILHA COMPRIDA;02.490.199/0001-09;Em Andamento;01/01/2016;01/01/2020;31/12/2020;41;0;41;R$ 192.328,13
172;740441/18;080322 - DIR.ENS.REG.MIRACATU;APAE DE ITARIRI;04.262.854/0001-05;Em Andamento;10/09/2018;01/01/2020;31/12/2020;24;0;24;R$ 112.582,32
173;00625/16;080323 - DIR.ENS.REG.MIRANTE DO PARANAPANEMA;APAE DE ROSANA;51.397.594/0001-57;Em Andamento;01/01/2016;01/01/2020;31/12/2020;40;1;41;R$ 201.152,20
174;00626/16;080323 - DIR.ENS.REG.MIRANTE DO PARANAPANEMA;APAE DE TEODORO SAMPAIO;57.318.826/0001-10;Em Andamento;01/01/2016;01/01/2020;31/12/2020;51;0;51;R$ 239.237,43
175;01816/16;080324 - DIR.ENS.REG.MOGI MIRIM;APAE DE MOGI GUACU;46.400.180/0001-08;Em Andamento;01/01/2016;01/01/2020;31/12/2020;108;0;108;R$ 506.620,44
176;01817/16;080324 - DIR.ENS.REG.MOGI MIRIM;APAE DE MOGI MIRIM;44.769.156/0001-07;Em Andamento;01/01/2016;01/01/2020;31/12/2020;77;0;77;R$ 361.201,61
177;01819/16;080324 - DIR.ENS.REG.MOGI MIRIM;APAE DE PEDREIRA;46.410.080/0001-54;Em Andamento;01/01/2016;01/01/2020;31/12/2020;42;0;42;R$ 197.019,06
178;01820/16;080324 - DIR.ENS.REG.MOGI MIRIM;APAE DE ESTIVA GERBI;02.281.536/0001-58;Em Andamento;01/01/2016;01/01/2020;31/12/2020;17;6;23;R$ 160.835,81
179;01821/16;080324 - DIR.ENS.REG.MOGI MIRIM;APAE DE SANTO ANTONIO DE POSSE;58.383.779/0001-51;Em Andamento;01/01/2016;01/01/2020;31/12/2020;12;10;22;R$ 191.441,16
180;01822/16;080324 - DIR.ENS.REG.MOGI MIRIM;APAE DE AGUAS DE LINDOIA;49.592.942/0001-03;Em Andamento;01/01/2016;01/01/2020;31/12/2020;31;0;31;R$ 145.418,83
181;01823/16;080324 - DIR.ENS.REG.MOGI MIRIM;APAE DE AMPARO;44.696.177/0001-40;Em Andamento;01/01/2016;01/01/2020;31/12/2020;87;0;87;R$ 408.110,91
182;01824/16;080324 - DIR.ENS.REG.MOGI MIRIM;APAE DE ITAPIRA;44.734.697/0001-08;Em Andamento;01/01/2016;01/01/2020;31/12/2020;112;14;126;R$ 714.594,16
183;01825/16;080324 - DIR.ENS.REG.MOGI MIRIM;APAE DE CONCHAL;67.168.724/0001-10;Em Andamento;01/01/2016;01/01/2020;31/12/2020;58;12;70;R$ 434.253,94
184;00992/16;080325 - DIR.ENS.REG.OURINHOS;APAE DE SALTO GRANDE;03.275.520/0001-03;Em Andamento;01/01/2016;01/01/2020;31/12/2020;48;12;60;R$ 387.344,64
185;00993/16;080325 - DIR.ENS.REG.OURINHOS;APAE DE OURINHOS;53.424.016/0001-98;Em Andamento;01/01/2016;01/01/2020;31/12/2020;124;37;161;R$ 1.081.730,32
186;00994/16;080325 - DIR.ENS.REG.OURINHOS;APAE DE IPAUSSU;03.214.569/0001-48;Em Andamento;01/01/2016;01/01/2020;31/12/2020;22;9;31;R$ 224.835,46
187;00995/16;080325 - DIR.ENS.REG.OURINHOS;APAE DE BERNARDINO DE CAMPOS;48.359.376/0001-13;Em Andamento;01/01/2016;01/01/2020;31/12/2020;18;5;23;R$ 152.011,74
188;00996/16;080325 - DIR.ENS.REG.OURINHOS;APAE DE STA CRUZ RIO PARDO;44.566.131/0001-06;Em Andamento;01/01/2016;01/01/2020;31/12/2020;102;18;120;R$ 721.744,86
189;00997/16;080325 - DIR.ENS.REG.OURINHOS;APAE DE CHAVANTES;08.036.486/0001-20;Em Andamento;01/01/2016;01/01/2020;31/12/2020;24;0;24;R$ 112.582,32
190;01345/16;080326 - DIR.ENS.REG.PINDAMONHANGABA;APAE DE PINDAMONHANGABA;54.126.818/0001-84;Em Andamento;01/01/2016;01/01/2020;31/12/2020;84;4;88;R$ 448.098,12
191;01346/16;080326 - DIR.ENS.REG.PINDAMONHANGABA;APAE DE CAMPOS DO JORDAO;45.193.943/0001-16;Em Andamento;01/01/2016;01/01/2020;31/12/2020;33;0;33;R$ 154.800,69
192;01006/16;080327 - DIR.ENS.REG.PIRACICABA;APAE DE PIRACICABA;54.013.313/0001-03;Em Andamento;01/01/2016;01/01/2020;31/12/2020;209;0;209;R$ 980.404,37
193;01007/16;080327 - DIR.ENS.REG.PIRACICABA;ASSOC.PAIS AMIGOS ALUNOS ESC.PASSO A PASSO;60.717.816/0001-62;Em Andamento;01/01/2016;01/01/2020;31/12/2020;26;0;26;R$ 121.964,18
194;1008A/16;080327 - DIR.ENS.REG.PIRACICABA;CENTRO DE REABILITACAO DE PIRACICABA;54.409.008/0001-35;Em Andamento;01/01/2017;01/01/2020;31/12/2020;216;0;216;R$ 1.013.240,88
195;00504/16;080328 - DIR.ENS.REG. DE PIRAJU;APAE DE FARTURA;51.504.272/0001-60;Em Andamento;01/01/2016;01/01/2020;31/12/2020;64;23;87;R$ 611.064,52
196;00505/16;080328 - DIR.ENS.REG. DE PIRAJU;APAE DE PIRAJU;49.856.206/0001-07;Em Andamento;01/01/2016;01/01/2020;31/12/2020;77;9;86;R$ 482.836,61
197;01494/16;080329 - DIR.ENS.REG.PIRASSUNUNGA;APAE DE PIRASSUNUNGA;54.851.977/0001-41;Em Andamento;01/01/2016;01/01/2020;31/12/2020;73;73;146;R$ 1.329.032,89
198;01495/16;080329 - DIR.ENS.REG.PIRASSUNUNGA;APAE DE ARARAS;44.698.595/0001-76;Em Andamento;01/01/2016;01/01/2020;31/12/2020;94;8;102;R$ 549.067,42
199;01496/16;080329 - DIR.ENS.REG.PIRASSUNUNGA;APAE SANTA RITA DO PASSO QUATRO;45.749.041/0001-13;Em Andamento;01/01/2016;01/01/2020;31/12/2020;21;0;21;R$ 98.509,53
200;01497/16;080329 - DIR.ENS.REG.PIRASSUNUNGA;CLINICA ANTONIO LUIZ SAYAO - AC;44.214.203/0001-56;Em Andamento;01/01/2016;01/01/2020;31/12/2020;10;2;12;R$ 73.939,30
201;01498/16;080329 - DIR.ENS.REG.PIRASSUNUNGA;APAE DE STA CRUZ DAS PALMEIRAS;48.182.992/0001-41;Em Andamento;01/01/2016;01/01/2020;31/12/2020;60;8;68;R$ 389.575,80
202;01499/16;080329 - DIR.ENS.REG.PIRASSUNUNGA;APAE DE PORTO FERREIRA;47.007.471/0001-95;Em Andamento;01/01/2016;01/01/2020;31/12/2020;31;18;49;R$ 388.688,83
203;01500/16;080329 - DIR.ENS.REG.PIRASSUNUNGA;APAE DE LEME;51.384.345/0001-27;Em Andamento;01/01/2016;01/01/2020;31/12/2020;69;0;69;R$ 323.674,17
204;01459/16;080330 - DIR.ENS.REG.PRESIDENTE PRUDENTE;APAE DE MARTINOPOLIS;48.797.930/0001-44;Em Andamento;30/12/2016;01/01/2020;31/12/2020;49;0;49;R$ 229.855,57
205;01460/16;080330 - DIR.ENS.REG.PRESIDENTE PRUDENTE;APAE DE PIRAPOZINHO;44.857.431/0001-44;Em Andamento;30/12/2016;01/01/2020;31/12/2020;70;0;70;R$ 328.365,09
206;01461/16;080330 - DIR.ENS.REG.PRESIDENTE PRUDENTE;APAE DE PRESIDENTE PRUDENTE;55.350.136/0001-13;Em Andamento;30/12/2016;01/01/2020;31/12/2020;140;14;154;R$ 845.940,20
207;01462/16;080330 - DIR.ENS.REG.PRESIDENTE PRUDENTE;APAE DE REGENTE FEIJO;67.660.373/0001-60;Em Andamento;30/12/2016;01/01/2020;31/12/2020;31;0;31;R$ 145.418,82
208;01463/16;080330 - DIR.ENS.REG.PRESIDENTE PRUDENTE;ASSOC DESENV CRIANCAS LIMIT.DE PRES.PRUDENTE;53.302.675/0001-51;Em Andamento;30/12/2016;01/01/2020;31/12/2020;22;42;64;R$ 670.830,46
209;01154/16;080331 - DIR.ENS.REG.REGISTRO;ASS. DE PAIS E AMIGOS DOS EXCEPCIOAIS DE PARI;04.484.544/0001-27;Em Andamento;01/01/2016;01/01/2020;31/12/2020;10;0;10;R$ 46.909,30
210;01156/16;080331 - DIR.ENS.REG.REGISTRO;ASSOC. DE PAIS E AMIGOS DOS EXCEPC. CAJATI;02.788.612/0001-16;Em Andamento;01/01/2016;01/01/2020;31/12/2020;44;0;44;R$ 206.400,92
211;01157/16;080331 - DIR.ENS.REG.REGISTRO;APAE DE JACUPIRANGA;03.347.264/0001-04;Em Andamento;01/01/2016;01/01/2020;31/12/2020;38;0;38;R$ 178.255,34
212;01158/16;080331 - DIR.ENS.REG.REGISTRO;APAE DE REGISTRO;44.304.095/0001-02;Em Andamento;01/01/2016;01/01/2020;31/12/2020;86;0;86;R$ 403.419,98
213;03121/16;080332 - DIR.ENS.REG.RIBEIRAO PRETO;APAE DE BATATAIS;45.299.377/0001-21;Em Andamento;01/01/2016;01/01/2020;31/12/2020;56;15;71;R$ 465.417,08
214;03122/16;080332 - DIR.ENS.REG.RIBEIRAO PRETO;APAE DE ALTINOPOLIS;51.815.421/0001-01;Em Andamento;01/01/2016;01/01/2020;31/12/2020;52;0;52;R$ 243.928,36
215;03123/16;080332 - DIR.ENS.REG.RIBEIRAO PRETO;APAE DE BRODOWSKI;64.929.441/0001-55;Em Andamento;01/01/2016;01/01/2020;31/12/2020;28;0;28;R$ 131.346,04
216;03124/16;080332 - DIR.ENS.REG.RIBEIRAO PRETO;APAE DE CRAVINHOS;03.380.445/0001-32;Em Andamento;01/01/2016;01/01/2020;31/12/2020;46;0;46;R$ 215.782,78
217;03125/16;080332 - DIR.ENS.REG.RIBEIRAO PRETO;ASSOCIACAO DE AMIGOS DO AUTISTA - AMA;57.715.989/0001-37;Em Andamento;01/01/2016;01/01/2020;31/12/2020;0;38;38;R$ 513.570,00
218;03126/16;080332 - DIR.ENS.REG.RIBEIRAO PRETO;APAE DE CAJURU;52.389.590/0001-90;Em Andamento;01/01/2016;01/01/2020;31/12/2020;55;0;55;R$ 258.001,15
219;03127/16;080332 - DIR.ENS.REG.RIBEIRAO PRETO;PAE DE SERRANA;52.384.294/0001-04;Em Andamento;01/01/2016;01/01/2020;31/12/2020;36;5;41;R$ 236.448,48
220;03128/16;080332 - DIR.ENS.REG.RIBEIRAO PRETO;APAE DE SANTA ROSA DO VITERBO;51.823.367/0001-46;Em Andamento;01/01/2016;01/01/2020;31/12/2020;54;0;54;R$ 253.310,22
221;03129/16;080332 - DIR.ENS.REG.RIBEIRAO PRETO;APAE DE RIBEIRAO PRETO;56.015.894/0001-48;Em Andamento;01/01/2016;01/01/2020;31/12/2020;100;19;119;R$ 725.878,00
222;00717/16;080333 - DIR.ENS.REG.SANTO ANASTACIO;ASSOC.PAIS E AMIGOS DOS EXCEP.PRES.EPITACIO;53.308.391/0001-72;Em Andamento;01/01/2016;01/01/2020;31/12/2020;49;0;49;R$ 229.855,57
223;00718/16;080333 - DIR.ENS.REG.SANTO ANASTACIO;APAE DE PRESIDENTE BERNARDES;57.319.063/0001-22;Em Andamento;01/01/2016;01/01/2020;31/12/2020;52;0;52;R$ 243.928,36
224;00719/16;080333 - DIR.ENS.REG.SANTO ANASTACIO;APAE DE SANTO ANASTACIO;49.847.213/0001-42;Em Andamento;01/01/2016;01/01/2020;31/12/2020;68;19;87;R$ 575.768,24
225;00720/16;080333 - DIR.ENS.REG.SANTO ANASTACIO;APAE DE PRESIDENTE VENCESLAU;55.563.183/0001-45;Em Andamento;01/01/2016;01/01/2020;31/12/2020;87;11;98;R$ 556.775,91
226;01464/16;080335 - DIR.ENS.REG.SAO CARLOS;APAE DE SAO CARLOS;59.620.690/0001-24;Em Andamento;01/01/2016;01/01/2020;31/12/2020;160;55;215;R$ 1.493.873,80
227;01478/16;080335 - DIR.ENS.REG.SAO CARLOS;APAE DE RIBEIRAO BONITO;45.750.965/0001-30;Em Andamento;01/01/2016;01/01/2020;31/12/2020;16;0;16;R$ 75.054,88
228;01479/16;080335 - DIR.ENS.REG.SAO CARLOS;APAE DE IBATE;52.378.916/0001-83;Em Andamento;01/01/2016;01/01/2020;31/12/2020;58;0;58;R$ 272.073,94
229;01480/16;080335 - DIR.ENS.REG.SAO CARLOS;APAE DE DOURADO;48.526.867/0001-01;Em Andamento;01/01/2016;01/01/2020;31/12/2020;16;0;16;R$ 75.054,88
230;01481/16;080335 - DIR.ENS.REG.SAO CARLOS;APAE DE DESCALVADO;45.306.966/0001-90;Em Andamento;01/01/2016;01/01/2020;31/12/2020;29;0;29;R$ 136.036,97
231;1880/2016I;080336 - DIR.ENS.REG.SAO JOAO DA BOA VISTA;APAE DE SAO JOSE DO RIO PARDO;54.140.892/0001-55;Em Andamento;01/01/2016;01/01/2020;31/12/2020;27;0;27;R$ 126.655,11
232;1881/2016;080336 - DIR.ENS.REG.SAO JOAO DA BOA VISTA;APAE DE AGUAI;48.846.810/0001-90;Em Andamento;01/01/2017;01/01/2020;31/12/2020;44;6;50;R$ 287.490,92
233;1882/2016I;080336 - DIR.ENS.REG.SAO JOAO DA BOA VISTA;APAE DE MOCOCA;44.763.530/0001-67;Em Andamento;01/01/2016;01/01/2020;31/12/2020;58;18;76;R$ 515.343,94
234;1883/2016I;080336 - DIR.ENS.REG.SAO JOAO DA BOA VISTA;GRUPO ASSISTENCIAL CARITAS;51.881.530/0001-27;Em Andamento;01/01/2016;01/01/2020;31/12/2020;86;15;101;R$ 606.144,98
235;1884/2016I;080336 - DIR.ENS.REG.SAO JOAO DA BOA VISTA;APAE DE ESPIRITO SANTO PINHAL;44.799.278/0001-46;Em Andamento;01/01/2016;01/01/2020;31/12/2020;37;12;49;R$ 335.744,41
236;1885/2016I;080336 - DIR.ENS.REG.SAO JOAO DA BOA VISTA;APAE DE TAPIRATIBA;54.140.736/0001-94;Em Andamento;01/01/2016;01/01/2020;31/12/2020;13;0;13;R$ 60.982,09
237;1886/2016I;080336 - DIR.ENS.REG.SAO JOAO DA BOA VISTA;APAE DE TAMBAU;50.073.808/0001-77;Em Andamento;01/01/2016;01/01/2020;31/12/2020;18;14;32;R$ 273.646,74
238;1887/2016I;080336 - DIR.ENS.REG.SAO JOAO DA BOA VISTA;APAE DE SAO SEBASTIAO DA GRAMA;51.881.753/0001-94;Em Andamento;01/01/2016;01/01/2020;31/12/2020;17;5;22;R$ 147.320,81
239;1888/2016I;080336 - DIR.ENS.REG.SAO JOAO DA BOA VISTA;APAE DE S.J.DA BOA VISTA;44.832.426/0001-87;Em Andamento;01/01/2016;01/01/2020;31/12/2020;76;16;92;R$ 572.750,68
240;1889/2016I;080336 - DIR.ENS.REG.SAO JOAO DA BOA VISTA;APAE DE VARGEM GRANDE DO SUL;46.720.587/0001-04;Em Andamento;01/01/2016;01/01/2020;31/12/2020;32;12;44;R$ 312.289,76
241;1890/2016I;080336 - DIR.ENS.REG.SAO JOAO DA BOA VISTA;APAE DE CACONDE;54.139.373/0001-77;Em Andamento;01/01/2016;01/01/2020;31/12/2020;22;5;27;R$ 170.775,46
242;1891/2016I;080336 - DIR.ENS.REG.SAO JOAO DA BOA VISTA;APAE DE CASA BRANCA;49.433.048/0001-82;Em Andamento;01/01/2016;01/01/2020;31/12/2020;46;8;54;R$ 323.902,78
243;00707/16;080337 - DIR.ENS.REG.SAO JOAQUIM DA BARRA;APAE DE ITUVERAVA;64.929.706/0001-15;Em Andamento;01/01/2016;01/01/2020;31/12/2020;45;0;45;R$ 211.091,85
244;00709/16;080337 - DIR.ENS.REG.SAO JOAQUIM DA BARRA;APAE DE MORRO AGUDO;50.731.108/0001-22;Em Andamento;01/01/2016;01/01/2020;31/12/2020;53;7;60;R$ 343.224,29
245;00710/16;080337 - DIR.ENS.REG.SAO JOAQUIM DA BARRA;APAE DE NUPORANGA;05.669.341/0001-78;Em Andamento;01/01/2016;01/01/2020;31/12/2020;15;3;18;R$ 110.908,95
246;00711/16;080337 - DIR.ENS.REG.SAO JOAQUIM DA BARRA;APAE DE ORLANDIA;47.060.173/0001-69;Em Andamento;01/01/2016;01/01/2020;31/12/2020;34;3;37;R$ 200.036,62
247;00712/16;080337 - DIR.ENS.REG.SAO JOAQUIM DA BARRA;APAE DE SALES DE OLIVEIRA;50.730.985/0001-89;Em Andamento;01/01/2016;01/01/2020;31/12/2020;20;0;20;R$ 93.818,60
248;00713/16;080337 - DIR.ENS.REG.SAO JOAQUIM DA BARRA;APAE DE SAO JOAQUIM DA BARRA;51.792.810/0001-69;Em Andamento;01/01/2016;01/01/2020;31/12/2020;43;13;56;R$ 377.404,99
249;1115551/19;080337 - DIR.ENS.REG.SAO JOAQUIM DA BARRA;APAE DE MIGUELOPOLIS;01.989.582/0001-43;Em Andamento;10/07/2019;01/01/2020;31/12/2020;24;3;27;R$ 153.127,32
250;01498/16;080338 - DIR.ENS.REG.SAO JOSE DO RIO PRETO;ASSOCIAÇAO RENASCER;71.744.007/0001-66;Em Andamento;01/01/2016;01/01/2020;31/12/2020;134;0;134;R$ 628.584,62
251;01499/16;080338 - DIR.ENS.REG.SAO JOSE DO RIO PRETO;APAE ASSOCIAÇ.DE PAIS E AMIGOS DOS EXCEPCION.;59.997.270/0001-61;Em Andamento;01/01/2016;01/01/2020;31/12/2020;185;0;185;R$ 867.822,05
252;02442/16;080339 - DIR.ENS.REG.S.J.CAMPOS;ASSOC EDUC. PARA CRIANCAS ESPECIAIS BEM-TE-VI;65.047.466/0001-98;Em Andamento;01/01/2016;01/01/2020;31/12/2020;40;16;56;R$ 403.877,20
253;02443/16;080339 - DIR.ENS.REG.S.J.CAMPOS;APAE ASSOC. PAIS E AMIGOS EXCEPC. DE SJCAMPOS;45.690.674/0001-01;Em Andamento;01/01/2016;01/01/2020;31/12/2020;109;16;125;R$ 727.551,37
254;00890/16;080340 - DIR.ENS.REG. DE SAO ROQUE;APAE DE SAO ROQUE;50.804.376/0001-27;Em Andamento;01/01/2016;01/01/2020;31/12/2020;43;0;43;R$ 201.709,99
255;3831/16A;080341 - DIR.ENS.REG.SAO VICENTE;APAE-ASSOC. DE PAIS E AMIGOS DOS EXC.DE MONG.;04.668.419/0001-77;Em Andamento;01/01/2016;01/01/2020;31/12/2020;16;31;47;R$ 494.019,88
256;3994/2016;080341 - DIR.ENS.REG.SAO VICENTE;APAE DE PERUIBE;54.353.032/0001-08;Em Andamento;01/01/2016;01/01/2020;31/12/2020;34;7;41;R$ 254.096,62
257;01113/16;080342 - DIR.ENS.REG.SERTAOZINHO;APAE DE PITANGUEIRAS;51.797.413/0001-80;Em Andamento;01/01/2016;01/01/2020;31/12/2020;46;0;46;R$ 215.782,78
258;01115/16;080342 - DIR.ENS.REG.SERTAOZINHO;APAE DE VIRADOURO;72.915.929/0001-51;Em Andamento;01/01/2016;01/01/2020;31/12/2020;16;0;16;R$ 75.054,88
259;01116/16;080342 - DIR.ENS.REG.SERTAOZINHO;APAE DE SERTAOZINHO;45.372.729/0001-27;Em Andamento;01/01/2016;01/01/2020;31/12/2020;122;0;122;R$ 572.293,46
260;01118/16;080342 - DIR.ENS.REG.SERTAOZINHO;APAE DE JARDINOPOLIS;50.426.683/0001-11;Em Andamento;01/01/2016;01/01/2020;31/12/2020;32;0;32;R$ 150.109,76
261;740636/18;080342 - DIR.ENS.REG.SERTAOZINHO;APAE DE PONTAL;60.254.992/0001-05;Em Andamento;01/01/2016;01/01/2020;31/12/2020;18;0;18;R$ 84.436,74
262;740754/18;080342 - DIR.ENS.REG.SERTAOZINHO;APAE DE TERRA ROXA;01.280.110/0001-17;Em Andamento;01/01/2016;01/01/2020;31/12/2020;5;0;5;R$ 23.454,65
263;02261/16;080343 - DIR.ENS.REG. DE SOROCABA;ASSOCIACAO DOS AMIGOS DOS AUTISTAS;00.499.300/0001-67;Em Andamento;30/12/2016;01/01/2020;31/12/2020;0;0;0;R$ 486.540,00
264;02262/16;080343 - DIR.ENS.REG. DE SOROCABA;APAE DE SOROCABA;71.869.358/0001-01;Em Andamento;30/12/2016;01/01/2020;31/12/2020;127;0;127;R$ 595.748,11
265;01210/16;080344 - DIR.ENS.REG.SUMARE;APAE DE SUMARE;49.632.383/0001-00;Em Andamento;01/01/2016;01/01/2020;31/12/2020;122;54;176;R$ 1.302.103,46
266;00765/16;080345 - DIR.ENS.REG.TAQUARITINGA;APAE DE ITAPOLIS;44.490.464/0001-07;Em Andamento;01/01/2016;01/01/2020;31/12/2020;79;22;101;R$ 667.913,47
267;00766/16;080345 - DIR.ENS.REG.TAQUARITINGA;APAE DE IBITINGA;47.048.897/0001-97;Em Andamento;01/01/2016;01/01/2020;31/12/2020;147;0;147;R$ 689.566,71
268;00767/16;080345 - DIR.ENS.REG.TAQUARITINGA;APAE DE TABATINGA;56.893.860/0001-56;Em Andamento;01/01/2016;01/01/2020;31/12/2020;34;0;34;R$ 159.491,62
269;00768/16;080345 - DIR.ENS.REG.TAQUARITINGA;APAE DE BORBOREMA;03.132.035/0001-72;Em Andamento;01/01/2016;01/01/2020;31/12/2020;23;0;23;R$ 107.891,39
270;00769/16;080345 - DIR.ENS.REG.TAQUARITINGA;APAE DE TAQUARITINGA;47.058.839/0001-44;Em Andamento;01/01/2016;01/01/2020;31/12/2020;68;11;79;R$ 467.648,24
271;01146/16;080346 - DIR.ENS.REG.TAUBATE;APAE DE CACAPAVA;45.848.140/0001-52;Em Andamento;01/01/2016;01/01/2020;31/12/2020;141;15;156;R$ 864.146,13
272;01147/16;080346 - DIR.ENS.REG.TAUBATE;APAE DE TAUBATE;72.286.040/0001-52;Em Andamento;01/01/2016;01/01/2020;31/12/2020;108;13;121;R$ 682.315,44
273;00869/16;080347 - DIR.ENS.REG.TUPA;APAE DE BASTOS;02.006.163/0001-07;Em Andamento;01/01/2016;01/01/2020;31/12/2020;32;0;32;R$ 150.109,76
274;00870/16;080347 - DIR.ENS.REG.TUPA;APAE DE QUATA;02.100.570/0001-89;Em Andamento;01/01/2016;01/01/2020;31/12/2020;40;0;40;R$ 187.637,20
275;00871/16;080347 - DIR.ENS.REG.TUPA;APAE DE RANCHARIA;53.304.515/0001-41;Em Andamento;01/01/2016;01/01/2020;31/12/2020;47;0;47;R$ 220.473,71
276;00872/16;080347 - DIR.ENS.REG.TUPA;APAE DE TUPA;44.571.222/0001-30;Em Andamento;01/01/2016;01/01/2020;31/12/2020;70;16;86;R$ 544.605,10
277;00848/16;080348 - DIR.ENS.REG. DE VOTORANTIM;APAE DE VOTORANTIM;67.364.828/0001-08;Em Andamento;01/01/2016;01/01/2020;31/12/2020;70;0;70;R$ 328.365,09
278;00849/16;080348 - DIR.ENS.REG. DE VOTORANTIM;APAE DE CAPELA DO ALTO;60.115.391/0001-11;Em Andamento;01/01/2016;01/01/2020;31/12/2020;17;0;17;R$ 79.745,81
279;00768/16;080349 - DIR.ENS.REG.VOTUPORANGA;APAE DE NHANDEARA;53.221.610/0001-81;Em Andamento;30/12/2016;01/01/2020;31/12/2020;18;9;27;R$ 206.071,74
280;00769/16;080349 - DIR.ENS.REG.VOTUPORANGA;APAE DE VOTUPORANGA;45.166.030/0001-00;Em Andamento;01/01/2016;01/01/2020;31/12/2020;66;9;75;R$ 431.236,38
281;00770/16;080349 - DIR.ENS.REG.VOTUPORANGA;ASSOC.FRAT.UNIAO PAIS RECANTO TIA MARLENE;01.053.700/0001-07;Em Andamento;01/01/2016;01/01/2020;31/12/2020;15;12;27;R$ 232.543,95
282;00861/16;080351 - DIR.ENS.REG. AVARE;APAE DE CERQUEIRA CESAR;04.315.690/0001-29;Em Andamento;30/12/2016;01/01/2020;31/12/2020;45;0;45;R$ 211.091,85
283;00862/16;080351 - DIR.ENS.REG. AVARE;APAE DE TAQUARITUBA;50.345.842/0001-53;Em Andamento;30/12/2016;01/01/2020;31/12/2020;47;22;69;R$ 517.803,71
284;00863/16;080351 - DIR.ENS.REG. AVARE;APAE DE AVARE;44.586.386/0001-30;Em Andamento;30/12/2016;01/01/2020;31/12/2020;74;0;74;R$ 347.128,82
285;00560/16;080352 - DIR.ENS.REG. PENAPOLIS;APAE DE PENAPOLIS;44.443.471/0001-40;Em Andamento;01/01/2016;01/01/2020;31/12/2020;159;21;180;R$ 1.029.672,87
;;;;;;;;;;;;
